;name;regions;trainingIterations;threshold;fn_rate
0;;16;3200;0.0;43.31840170042535
1;;16;3200;0.01;24.699693899693283
2;;16;3200;0.010115911122238298;24.669301522762733
3;;16;3200;0.01023316578330245;24.638240794950608
4;;16;3200;0.010351779556301762;24.60419447339777
5;;16;3200;0.010471768194855203;24.569827167539955
6;;16;3200;0.0105931476351837;24.534171527417005
7;;16;3200;0.010715933998226712;24.499663516110445
8;;16;3200;0.01084014359178331;24.465485283199396
9;;16;3200;0.010965792912678098;24.424065116722865
10;;16;3200;0.011092898648952227;24.38497978128657
11;;16;3200;0.011221477682079803;24.344817169758265
12;;16;3200;0.01135154708920999;24.307332358801535
13;;16;3200;0.011483124145435111;24.269056079695567
14;;16;3200;0.011616226326085019;24.23227919302787
15;;16;3200;0.011750871309048077;24.194710838210938
16;;16;3200;0.011887076977119033;24.15533090074132
17;;16;3200;0.012024861420374122;24.115990536679163
18;;16;3200;0.012164242938573681;24.08205853830343
19;;16;3200;0.012305240043592616;24.04372949465418
20;;16;3200;0.012447871461879062;24.00523336328454
21;;16;3200;0.012592156136941509;23.965572014917417
22;;16;3200;0.012738113231864785;23.929925168885013
23;;16;3200;0.01288576213185518;23.89662634502867
24;;16;3200;0.01303512244681509;23.86154671783655
25;;16;3200;0.013186214013947484;23.828102791486177
26;;16;3200;0.013339056900390587;23.79697610799495
27;;16;3200;0.013493671405883064;23.764649031144053
28;;16;3200;0.013650078065460139;23.73387850831998
29;;16;3200;0.013808297652180923;23.704444687259056
30;;16;3200;0.013968351179887397;23.669853132092296
31;;16;3200;0.014130259905995335;23.64039292875973
32;;16;3200;0.01429404533431761;23.611552708810734
33;;16;3200;0.014459729217920195;23.580144614422
34;;16;3200;0.014627333562011298;23.550935042670027
35;;16;3200;0.014796880626863964;23.52268402678768
36;;16;3200;0.014968392930772557;23.49487711247796
37;;16;3200;0.01514189325304352;23.468129886079154
38;;16;3200;0.015317404637020797;23.440868205383346
39;;16;3200;0.015494950393146316;23.414257287388022
40;;16;3200;0.01567455410205595;23.38841585231556
41;;16;3200;0.015856239617711373;23.3624249177038
42;;16;3200;0.0160400310705682;23.336873687619395
43;;16;3200;0.01622595287078087;23.31115097276932
44;;16;3200;0.016414029711444664;23.286716592184384
45;;16;3200;0.016604286571875296;23.261952433203938
46;;16;3200;0.016796748720926534;23.235684484739945
47;;16;3200;0.01699144172034626;23.210753238039104
48;;16;3200;0.017188391428171454;23.185839579519353
49;;16;3200;0.017387624002162504;23.16014324694092
50;;16;3200;0.01758916590327733;23.133330064863014
51;;16;3200;0.017793043899185772;23.10806024567611
52;;16;3200;0.017999285067824763;23.083449983280236
53;;16;3200;0.018207916800994622;23.056566448477952
54;;16;3200;0.01841896680799711;23.0292959736916
55;;16;3200;0.018632463119315597;23.001115310533628
56;;16;3200;0.018848434090337953;22.97319847009207
57;;16;3200;0.01906690840512252;22.942252065457055
58;;16;3200;0.019287915080207777;22.911336440138953
59;;16;3200;0.019511483468466165;22.878829084431842
60;;16;3200;0.019737643263002553;22.848247634554532
61;;16;3200;0.019966424501097934;22.814289253907162
62;;16;3200;0.020197857568198786;22.782516204760725
63;;16;3200;0.020431973201952707;22.748109325495452
64;;16;3200;0.02066880249629082;22.711930436984957
65;;16;3200;0.0209083769055575;22.673403526298397
66;;16;3200;0.021150728248687946;22.636644227811793
67;;16;3200;0.021395888713434216;22.59937926911874
68;;16;3200;0.021643890860640204;22.56268592631124
69;;16;3200;0.021894767628566205;22.51785804974773
70;;16;3200;0.02214855233726359;22.477282115963714
71;;16;3200;0.022405278693000182;22.4346307768106
72;;16;3200;0.02266498079273693;22.393795417355445
73;;16;3200;0.022927693128656487;22.354389097614185
74;;16;3200;0.023193450592744275;22.314661793567957
75;;16;3200;0.023462288481422622;22.27410784501031
76;;16;3200;0.023734242500238662;22.233421985094456
77;;16;3200;0.02400934876860652;22.193483622875103
78;;16;3200;0.024287643824604504;22.156337384404427
79;;16;3200;0.024569164629827903;22.116829932621876
80;;16;3200;0.024853948574297985;22.077581906510463
81;;16;3200;0.025142033481427968;22.03565607982748
82;;16;3200;0.025433457613046485;21.999798175621947
83;;16;3200;0.025728259674479323;21.965501222488513
84;;16;3200;0.026026478819690044;21.929726862143177
85;;16;3200;0.026328154656480203;21.894167957016244
86;;16;3200;0.02663332725174981;21.862825818306614
87;;16;3200;0.026942037136818826;21.828559644490095
88;;16;3200;0.027254325312810277;21.796769007162567
89;;16;3200;0.027570233256095828;21.767449509278755
90;;16;3200;0.0278898029238044;21.73361424589904
91;;16;3200;0.028213076759394707;21.703111942836653
92;;16;3200;0.028540097698292376;21.67276353635884
93;;16;3200;0.028870909173592346;21.642890010770564
94;;16;3200;0.029205555121827452;21.612286575666882
95;;16;3200;0.029544079988803797;21.583872869109417
96;;16;3200;0.029886528735503824;21.5563473656972
97;;16;3200;0.03023294684405776;21.528162305493954
98;;16;3200;0.030583380323784312;21.50218895906329
99;;16;3200;0.030937875717301364;21.474316089074463
100;;16;3200;0.031296480106707505;21.447903038116447
101;;16;3200;0.0316592411198352;21.42200444145543
102;;16;3200;0.0320262069365765;21.395644155040696
103;;16;3200;0.03239742629528196;21.370646952660753
104;;16;3200;0.03277294849923382;21.344299857381838
105;;16;3200;0.033152823423194235;21.318370481403907
106;;16;3200;0.03353710152002929;21.29104724207427
107;;16;3200;0.03392583382740992;21.264453912260038
108;;16;3200;0.03431907197459043;21.238120008116944
109;;16;3200;0.034716868189265594;21.21257317507781
110;;16;3200;0.03511927530450728;21.18512681848052
111;;16;3200;0.03552634676578139;21.158432356624996
112;;16;3200;0.03593813663804626;21.131865409082405
113;;16;3200;0.036354699612933174;21.10448940520949
114;;16;3200;0.03677609101601031;21.075482097540096
115;;16;3200;0.03720236681413066;21.045863600577682
116;;16;3200;0.03763358362286533;21.01486443139939
117;;16;3200;0.038069798714022836;20.982080061840044
118;;16;3200;0.038511070023255684;20.94969142635532
119;;16;3200;0.03895745615775501;20.915983677288537
120;;16;3200;0.03940901640403448;20.882944279103327
121;;16;3200;0.039865810735804384;20.846413626970946
122;;16;3200;0.040327899821937054;20.812305746784276
123;;16;3200;0.04079534503452449;20.77704584073594
124;;16;3200;0.04126820845702952;20.73807043143149
125;;16;3200;0.04174655289253135;20.69678217631316
126;;16;3200;0.042230441872066725;20.65606114003512
127;;16;3200;0.042719939663067766;20.61609199849885
128;;16;3200;0.043215111277897615;20.57674723739142
129;;16;3200;0.043716022482485024;20.530903643369726
130;;16;3200;0.044222739805058975;20.48710027835495
131;;16;3200;0.04473533054498463;20.441911844079016
132;;16;3200;0.04525386278170167;20.398943917666205
133;;16;3200;0.045778405383766166;20.357462192555847
134;;16;3200;0.04630902801799737;20.31538686633356
135;;16;3200;0.04684580115873045;20.27336870169983
136;;16;3200;0.04738879609717651;20.23039637824175
137;;16;3200;0.04793808495089107;20.188971814719945
138;;16;3200;0.04849374067335233;20.150312992675182
139;;16;3200;0.04905583706365046;20.10991733774738
140;;16;3200;0.04962444877628913;20.068158598784787
141;;16;3200;0.0501996513311008;20.025634773944603
142;;16;3200;0.050781521123276704;19.987266156887895
143;;16;3200;0.05137013543351339;19.951285135414704
144;;16;3200;0.051965572438276576;19.91403776490274
145;;16;3200;0.05256791122018419;19.879160401793204
146;;16;3200;0.053177231778509665;19.844709552075194
147;;16;3200;0.05379361503980698;19.810658833477078
148;;16;3200;0.05441714286865887;19.777351215530185
149;;16;3200;0.05504789807854967;19.74741173426281
150;;16;3200;0.05568596444286409;19.71246841547417
151;;16;3200;0.056331426706013515;19.681935333094867
152;;16;3200;0.056984370594691365;19.65087460528274
153;;16;3200;0.05764488282925873;19.620244787907424
154;;16;3200;0.05831305113526219;19.587790196743594
155;;16;3200;0.05898896425508494;19.559266564054287
156;;16;3200;0.05967271195973311;19.53058903478041
157;;16;3200;0.06036438506075864;19.500504451019005
158;;16;3200;0.06106407542232036;19.473383475771953
159;;16;3200;0.061771875973384884;19.44575684031844
160;;16;3200;0.06248788072006888;19.417488236255
161;;16;3200;0.06321218475812448;19.389131691286092
162;;16;3200;0.06394488428556944;19.362450420566386
163;;16;3200;0.06468607661546327;19.336331971641695
164;;16;3200;0.06543586018883235;19.308810865274754
165;;16;3200;0.06619433458774394;19.282059241830673
166;;16;3200;0.06696160054853222;19.2538961668538
167;;16;3200;0.06773775997517752;19.226229957992828
168;;16;3200;0.06852291595284064;19.198700057535337
169;;16;3200;0.06931717276155408;19.171557097061918
170;;16;3200;0.07012063589007184;19.142782832792022
171;;16;3200;0.07093341204987996;19.113340217640552
172;;16;3200;0.07175560918936928;19.0863511537517
173;;16;3200;0.07258733650817253;19.057642845160906
174;;16;3200;0.07342870447166766;19.027373585498015
175;;16;3200;0.07427982482564918;18.99678773857543
176;;16;3200;0.0751408106111697;18.965709422582215
177;;16;3200;0.0760117761795533;18.932401804635322
178;;16;3200;0.07689283720758312;18.898315909675016
179;;16;3200;0.0777841107128649;18.863262664754537
180;;16;3200;0.07868571506936851;18.82875905049325
181;;16;3200;0.07959777002314986;18.791296224762885
182;;16;3200;0.08052039670825478;18.75541193828571
183;;16;3200;0.08145371766280746;18.718841712745867
184;;16;3200;0.0823978568452852;18.680143317293645
185;;16;3200;0.08335293965098195;18.638973782397706
186;;16;3200;0.08431909292866259;18.599158537446005
187;;16;3200;0.08529644499741026;18.558811250016213
188;;16;3200;0.08628512566366896;18.51921585732819
189;;16;3200;0.0872852662384838;18.474176922591557
190;;16;3200;0.08829699955494093;18.429050046949452
191;;16;3200;0.08932045998580969;18.385638018964016
192;;16;3200;0.0903557834613893;18.342252373250222
193;;16;3200;0.09140310748756232;18.29987804794934
194;;16;3200;0.09246257116405743;18.259416437342434
195;;16;3200;0.09353431520292387;18.218822915377324
196;;16;3200;0.09461848194722002;18.17388511268198
197;;16;3200;0.09571521538991866;18.13367853070094
198;;16;3200;0.09682466119303124;18.095375869323334
199;;16;3200;0.09794696670695395;18.05527921347413
200;;16;3200;0.09908228099003798;18.01547276261298
201;;16;3200;0.10023075482838653;17.97289177618424
202;;16;3200;0.10139254075588154;17.933841617110136
203;;16;3200;0.10256779307444219;17.90010748577171
204;;16;3200;0.1037566678745186;17.8620378677936
205;;16;3200;0.10495932305582276;17.82665484447761
206;;16;3200;0.10617591834830001;17.792797595871527
207;;16;3200;0.10740661533334335;17.759929682451986
208;;16;3200;0.10865157746525385;17.726701211320016
209;;16;3200;0.10991097009294971;17.697350934119292
210;;16;3200;0.11118496048192711;17.66373112595798
211;;16;3200;0.1124737178364752;17.633910364912985
212;;16;3200;0.11377741332214913;17.604371014765498
213;;16;3200;0.11509622008850323;17.574972370066764
214;;16;3200;0.11643031329208768;17.543019042064113
215;;16;3200;0.11777987011971193;17.516051963401633
216;;16;3200;0.11914506981197759;17.48933551631974
217;;16;3200;0.12052609368708425;17.462025468125926
218;;16;3200;0.12192312516491108;17.436641325761915
219;;16;3200;0.12333634979137759;17.40995565799694
220;;16;3200;0.12476595526308698;17.383982311566275
221;;16;3200;0.12621213145225474;17.35816286172018
222;;16;3200;0.12767507043192658;17.33363174613923
223;;16;3200;0.1291549665014884;17.30948757054235
224;;16;3200;0.13065201621247213;17.284191369083803
225;;16;3200;0.1321664183946605;17.260579235965015
226;;16;3200;0.13369837418249467;17.23479056543584
227;;16;3200;0.13524808704178753;17.21006597986285
228;;16;3200;0.1368157627967472;17.185112747935644
229;;16;3200;0.13840160965731316;17.160322206683553
230;;16;3200;0.14000583824680976;17.133983905495185
231;;16;3200;0.14162866162991988;17.10649797549043
232;;16;3200;0.1432702953409831;17.081214965167707
233;;16;3200;0.14493095741262166;17.054850281707697
234;;16;3200;0.14661086840469845;17.026792735817388
235;;16;3200;0.14831025143361043;17.00001033305639
236;;16;3200;0.15002933220192183;16.97058090904074
237;;16;3200;0.15176833902834053;16.939405858051508
238;;16;3200;0.15352750287804226;16.907184310287175
239;;16;3200;0.15530705739334602;16.874144912101965
240;;16;3200;0.15710723892474504;16.8412813957277
241;;16;3200;0.1589282865622978;16.80557738810674
242;;16;3200;0.16077044216738237;16.77055931954845
243;;16;3200;0.1626339504048192;16.73602492597025
244;;16;3200;0.16451905877536624;16.698425791836403
245;;16;3200;0.16642601764859036;16.65896670755186
246;;16;3200;0.16835508029612023;16.61890083101957
247;;16;3200;0.17030650292528443;16.579147144701704
248;;16;3200;0.1722805447131394;16.53945061997239
249;;16;3200;0.17427746784089193;16.49600781267004
250;;16;3200;0.17629753752872057;16.451179936106534
251;;16;3200;0.1783410220710008;16.408036127882784
252;;16;3200;0.18040819287193827;16.363951351970503
253;;16;3200;0.18249932448161524;16.322359700728303
254;;16;3200;0.18461469463245475;16.280882372663218
255;;16;3200;0.18675458427610758;16.24116825975281
256;;16;3200;0.18891927762076663;16.19780899631066
257;;16;3200;0.1911090621689138;16.158310338618655
258;;16;3200;0.19332422875550453;16.11687258396103
259;;16;3200;0.19556507158659492;16.078939274386396
260;;16;3200;0.1978318882784164;16.036455022953675
261;;16;3200;0.2001249798969037;15.993249656096095
262;;16;3200;0.2024446509976804;15.953069456386698
263;;16;3200;0.20479120966650854;15.91747977194285
264;;16;3200;0.20716496756020691;15.878706626720977
265;;16;3200;0.2095662399480433;15.842466179576647
266;;16;3200;0.2119953457536071;15.80731180261488
267;;16;3200;0.21445260759716678;15.771190075692937
268;;16;3200;0.21693835183851842;15.737007445736614
269;;16;3200;0.21945290862033137;15.70515964682053
270;;16;3200;0.22199661191199546;15.669921725998565
271;;16;3200;0.2245697995539774;15.636275535565611
272;;16;3200;0.2271728133026905;15.603961649850534
273;;16;3200;0.22980599887588513;15.572610717050356
274;;16;3200;0.2324697059985648;15.537416766681126
275;;16;3200;0.23516428844943485;15.505643717534692
276;;16;3200;0.23789010410788936;15.475172193789216
277;;16;3200;0.2406475150015424;15.444845772537771
278;;16;3200;0.24343688735431104;15.414963452858949
279;;16;3200;0.24625859163505467;15.384777737056252
280;;16;3200;0.24911300260677885;15.355005343509267
281;;16;3200;0.2520004993764092;15.32525053814338
282;;16;3200;0.25492146544514227;15.296533435462036
283;;16;3200;0.2578762887593801;15.268014199818007
284;;16;3200;0.2608653617622548;15.238149468320279
285;;16;3200;0.263889081445751;15.209898452437931
286;;16;3200;0.2669478494034321;15.180002941623288
287;;16;3200;0.27004207188377727;15.150441606249432
288;;16;3200;0.2731721598441376;15.121904782424306
289;;16;3200;0.276338529005317;15.092484152499203
290;;16;3200;0.2795415999067857;15.062615023956202
291;;16;3200;0.2827817979625341;15.031941236128146
292;;16;3200;0.28605955351757417;15.002986693002038
293;;16;3200;0.28937530190509503;14.972458007668008
294;;16;3200;0.29272948350428163;14.940627796933018
295;;16;3200;0.29612254379880343;14.90956267207562
296;;16;3200;0.2995549334359813;14.876400156622752
297;;16;3200;0.30302710828663965;14.84172945464107
298;;16;3200;0.30653952950565266;14.806214519966874
299;;16;3200;0.3100926635931927;14.77069079120213
300;;16;3200;0.31368698245668764;14.733386259101607
301;;16;3200;0.31732296347349764;14.695167141584198
302;;16;3200;0.32100108955431716;14.656020247514077
303;;16;3200;0.3247218492073129;14.617453763420057
304;;16;3200;0.32848573660300434;14.575545524918166
305;;16;3200;0.33229325163989715;14.530748427671572
306;;16;3200;0.33614490001087655;14.488259779193577
307;;16;3200;0.34004119327037063;14.443985930334533
308;;16;3200;0.34398264890229246;14.40251299931472
309;;16;3200;0.3479697903887692;14.358239150455676
310;;16;3200;0.35200314727966786;14.308011702296291
311;;16;3200;0.3560832552629278;14.259648601332877
312;;16;3200;0.360210656235707;14.212362776461474
313;;16;3200;0.36438589837635443;14.166545564711425
314;;16;3200;0.3686095362172158;14.121972716773781
315;;16;3200;0.37288213071828336;14.077034914078437
316;;16;3200;0.37720424934169977;14.029555619215001
317;;16;3200;0.3815764661271248;13.984182509037577
318;;16;3200;0.3859993617679767;13.939249103387505
319;;16;3200;0.39047352368855603;13.896672514004042
320;;16;3200;0.3949995461220643;13.85056509726594
321;;16;3200;0.3995780301895269;13.802852759003006
322;;16;3200;0.40420958397963097;13.757484045870855
323;;16;3200;0.4088948226294864;13.71743136047439
324;;16;3200;0.4136343684063278;13.677022514410767
325;;16;3200;0.4184288507901585;13.638768220531167
326;;16;3200;0.42327890655735534;13.599682885094873
327;;16;3200;0.42818517986524157;13.56139781189836
328;;16;3200;0.4331483223376403;13.522206947375503
329;;16;3200;0.4381689931514195;13.486757968380408
330;;16;3200;0.4432478591240401;13.448947776073434
331;;16;3200;0.44838559480211915;13.411568494203266
332;;16;3200;0.4535828825510191;13.378014641721055
333;;16;3200;0.45884041264547615;13.343484645188127
334;;16;3200;0.46415888336127825;13.30549417402494
335;;16;3200;0.4695390010680063;13.270630002051224
336;;16;3200;0.4749814803228504;13.23929665743214
337;;16;3200;0.48048704396551334;13.206301229699665
338;;16;3200;0.48605642321421394;13.174778812133821
339;;16;3200;0.4916903577628032;13.141229356696888
340;;16;3200;0.49738959587900683;13.109359572554435
341;;16;3200;0.5031548945038057;13.077327097736863
342;;16;3200;0.5089870193519686;13.046503810369508
343;;16;3200;0.5148867450137498;13.01760203178668
344;;16;3200;0.5208548550577665;12.985987276270091
345;;16;3200;0.5268921421350676;12.955621281611181
346;;16;3200;0.5329994080844093;12.924050496547329
347;;16;3200;0.5391774640387506;12.892994165780477
348;;16;3200;0.5454271305329836;12.862535833170826
349;;16;3200;0.5517492376129128;12.831391561498503
350;;16;3200;0.5581446249454967;12.799697659166991
351;;16;3200;0.5646141419303673;12.766645069845964
352;;16;3200;0.5711586478126435;12.735628312486574
353;;16;3200;0.5777790117970507;12.704457658542612
354;;16;3200;0.5844761131633638;12.671057702644978
355;;16;3200;0.5912508413831882;12.637160880631434
356;;16;3200;0.5981040962380944;12.60132935869754
357;;16;3200;0.6050367879391224;12.564565663165666
358;;16;3200;0.6120498372476703;12.527388645378078
359;;16;3200;0.6191441755977848;12.48827253062487
360;;16;3200;0.6263207452198692;12.4494158415428
361;;16;3200;0.6335804992658254;12.410510784962721
362;;16;3200;0.6409244019356457;12.3696534402812
363;;16;3200;0.6483534286054726;12.329354520349415
364;;16;3200;0.6558685659571436;12.287477061164438
365;;16;3200;0.6634708121092351;12.241840128270605
366;;16;3200;0.6711611767496287;12.197104589657842
367;;16;3200;0.6789406812696113;12.149409839576002
368;;16;3200;0.6868103588995308;12.105096417309497
369;;16;3200;0.694771254846024;12.061099582302685
370;;16;3200;0.7028244264308352;12.010014710314962
371;;16;3200;0.7109709432312438;11.960596318485903
372;;16;3200;0.7192118872221193;11.911929821398616
373;;16;3200;0.7275483529196233;11.864160321547127
374;;16;3200;0.7359814475265771;11.817626391417495
375;;16;3200;0.7445122910795143;11.772341222145542
376;;16;3200;0.7531420165974375;11.724466193207489
377;;16;3200;0.7618717702322999;11.676679105174905
378;;16;3200;0.7707027114212304;11.62862819442591
379;;16;3200;0.7796360130405237;11.583787126726582
380;;16;3200;0.7886728615614156;11.535903303697982
381;;16;3200;0.7978144572076629;11.487188439112686
382;;16;3200;0.8070620141149507;11.43808663454332
383;;16;3200;0.8164167604921472;11.393100464349965
384;;16;3200;0.8258799387844271;11.350409551789388
385;;16;3200;0.8354528058382872;11.306984332668133
386;;16;3200;0.8451366330684721;11.264755109861275
387;;16;3200;0.8549327066268384;11.224328675616558
388;;16;3200;0.8648423275731726;11.182464407567402
389;;16;3200;0.8748668120479913;11.142675544887346
390;;16;3200;0.8850074914473439;11.102548109721228
391;;16;3200;0.89526571259964;11.061475309821306
392;;16;3200;0.9056428379445295;11.021708432367618
393;;16;3200;0.9161402457138521;10.984702899345699
394;;16;3200;0.9267593301146883;10.942992527881113
395;;16;3200;0.937501501514529;10.9019680954792
396;;16;3200;0.9483681866285928;10.866070617866207
397;;16;3200;0.9593608287093146;10.830080802302469
398;;16;3200;0.9704808877380307;10.793242357000942
399;;16;3200;0.9817298406188841;10.755625634686004
400;;16;3200;0.9931091813749802;10.71796494191833
401;;16;3200;1.004620421346813;10.680976997077504
402;;16;3200;1.0162650893929952;10.644771726295364
403;;16;3200;1.0280447320933097;10.608557661422676
404;;16;3200;1.0399609139541204;10.573091094246488
405;;16;3200;1.052015217616159;10.537228792995682
406;;16;3200;1.0642092440647246;10.499924260895163
407;;16;3200;1.076544612842316;10.463784945792126
408;;16;3200;1.0890229622637306;10.42765882182491
409;;16;3200;1.101645949633657;10.391202919462179
410;;16;3200;1.1144152514667882;10.35428532734573
411;;16;3200;1.1273325637104872;10.316756545936261
412;;16;3200;1.140399601970033;10.279038691580032
413;;16;3200;1.1536181017364784;10.241452748582008
414;;16;3200;1.1669898186171475;10.20227507519497
415;;16;3200;1.1805165285688055;10.163312857026336
416;;16;3200;1.1942000281335323;10.124377021129341
417;;16;3200;1.208042134677329;10.082600693985654
418;;16;3200;1.2220446866314887;10.040380265269345
419;;16;3200;1.236209543736769;9.997575029531655
420;;16;3200;1.2505385872903914;9.953565003389024
421;;16;3200;1.265033720395904;9.910346445395623
422;;16;3200;1.2796968682159415;9.864718306592337
423;;16;3200;1.294529978227916;9.819886032983556
424;;16;3200;1.3095350204826677;9.772736516515632
425;;16;3200;1.3247139878661174;9.722623391533357
426;;16;3200;1.3400688963639507;9.67296755925953
427;;16;3200;1.355601785329369;9.619314812832073
428;;16;3200;1.3713147177539455;9.568058456078685
429;;16;3200;1.387209780541621;9.519198488999363
430;;16;3200;1.4032890847858732;9.462995456313267
431;;16;3200;1.4195547660501016;9.408357771744543
432;;16;3200;1.4360089846512607;9.352875854483305
433;;16;3200;1.4526539259467812;9.297596201304648
434;;16;3200;1.4694918006248172;9.243481765123471
435;;16;3200;1.4865248449978572;9.192884965161111
436;;16;3200;1.5037553212997383;9.138291251045123
437;;16;3200;1.5211855179861047;9.084475813942547
438;;16;3200;1.5388177500383464;9.029512748023583
439;;16;3200;1.556654359271062;8.977711157656278
440;;16;3200;1.5746977146430867;8.92365388306366
441;;16;3200;1.592950212572123;8.867974098765112
442;;16;3200;1.6114142772530198;8.812197579470547
443;;16;3200;1.6300923609797413;8.758373348277425
444;;16;3200;1.6489869444710648;8.708730707139416
445;;16;3200;1.6681005372000592;8.655961766811938
446;;16;3200;1.6874356777273756;8.608126311281346
447;;16;3200;1.7069949340384079;8.560440355290053
448;;16;3200;1.7267809038843558;8.509197189672484
449;;16;3200;1.7467962151272456;8.461467263228457
450;;16;3200;1.7670435260889468;8.41617769691123
451;;16;3200;1.7875255259042353;8.365281897870268
452;;16;3200;1.8082449348779517;8.318040043451601
453;;16;3200;1.829204504846294;8.273111034846805
454;;16;3200;1.8504070195423021;8.225438269991331
455;;16;3200;1.8718552949655791;8.179519926199992
456;;16;3200;1.8935521797562953;8.134507373734998
457;;16;3200;1.915500555573528;8.090796346670965
458;;16;3200;1.937703337477989;8.046887452569623
459;;16;3200;1.9601634743191858;8.004051437515018
460;;16;3200;1.9828839491270713;7.961874979251443
461;;16;3200;2.0058677795082342;7.919074140559027
462;;16;3200;2.029118018046678;7.874255058086067
463;;16;3200;2.052637752709252;7.832096188003586
464;;16;3200;2.0764301072557747;7.790539713123574
465;;16;3200;2.100498241653915;7.751687421086778
466;;16;3200;2.124845352498883;7.713380362663898
467;;16;3200;2.1494746734379806;7.672817620015702
468;;16;3200;2.17438947560008;7.634879913395796
469;;16;3200;2.1995930680300746;7.5944490821058075
470;;16;3200;2.2250887981283696;7.558037150195811
471;;16;3200;2.2508800520954617;7.521537277380346
472;;16;3200;2.27697025538168;7.4842635245967415
473;;16;3200;2.3033628731421314;7.4457673932271
474;;16;3200;2.3300614106969246;7.404791328323193
475;;16;3200;2.3570694139967276;7.366660151711253
476;;16;3200;2.38439047009372;7.329483133923666
477;;16;3200;2.412028207618007;7.29124642822516
478;;16;3200;2.43998629725955;7.251892873027183
479;;16;3200;2.4682684522556926;7.212627258734676
480;;16;3200;2.4968784288843264;7.173005483775014
481;;16;3200;2.5258200269627844;7.1371827559316685
482;;16;3200;2.555097090352507;7.098998814776447
483;;16;3200;2.584713507469564;7.059878302977965
484;;16;3200;2.614673211801092;7.019421089416333
485;;16;3200;2.64498018242772;6.976681809357747
486;;16;3200;2.675638444552045;6.935529862642902
487;;16;3200;2.7066520700332415;6.895855323139956
488;;16;3200;2.7380251779278577;6.855121095726094
489;;16;3200;2.769761935036891;6.814940896016694
490;;16;3200;2.8018665564591956;6.770231739675572
491;;16;3200;2.8343433061513092;6.727844223238868
492;;16;3200;2.8671964974937696;6.686736246976757
493;;16;3200;2.9004304938639915;6.646138327966374
494;;16;3200;2.9340497092157873;6.60549204145798
495;;16;3200;2.9680586086656024;6.565865869453045
496;;16;3200;3.002461709085549;6.525821978147124
497;;16;3200;3.0372635797033114;6.486604731352625
498;;16;3200;3.0724688427090032;6.447106073660621
499;;16;3200;3.1080821738690636;6.410197275634719
500;;16;3200;3.1441083031472647;6.373490741691398
501;;16;3200;3.18055201533292;6.336129048002323
502;;16;3200;3.2174181506763717;6.29659521394813
503;;16;3200;3.254711605531848;6.2618541592420724
504;;16;3200;3.2924373330077685;6.228805966966318
505;;16;3200;3.330600343624589;6.193119547526453
506;;16;3200;3.3692057059802676;6.161306924972557
507;;16;3200;3.408258547423452;6.130650725325595
508;;16;3200;3.447764054734464;6.0990711461711955
509;;16;3200;3.4877274748141778;6.06894698900233
510;;16;3200;3.5281541153808833;6.040858663795103
511;;16;3200;3.56904934567523;6.009775950756611
512;;16;3200;3.610418597173337;5.98080821649468
513;;16;3200;3.6522673643081753;5.95249124493323
514;;16;3200;3.694601205199302;5.9251636085583215
515;;16;3200;3.737425742391064;5.898139368307285
516;;16;3200;3.7807466635993494;5.871247039414454
517;;16;3200;3.8245697224669994;5.8458497059146195
518;;16;3200;3.8689007393279753;5.8188826272521395
519;;16;3200;3.9137456019803842;5.79545517003484
520;;16;3200;3.9591102664684588;5.7704403794738015
521;;16;3200;4.005000757873612;5.744818796665017
522;;16;3200;4.051423171114648;5.720059034729842
523;;16;3200;4.0983836717572615;5.6959016679971395
524;;16;3200;4.145888496832911;5.673054620755944
525;;16;3200;4.193943955667186;5.648800519027224
526;;16;3200;4.2425564307177765;5.625698443160165
527;;16;3200;4.291732378422157;5.601343209390154
528;;16;3200;4.341478330055092;5.577339739242024
529;;16;3200;4.391800892596086;5.553973840658554
530;;16;3200;4.442706749606883;5.529908811876595
531;;16;3200;4.494202662119142;5.5060988117205
532;;16;3200;4.546295469532399;5.482126120889285
533;;16;3200;4.598992090522438;5.457471888040674
534;;16;3200;4.652299523960189;5.432844037463705
535;;16;3200;4.7062248498412815;5.407477483280785
536;;16;3200;4.760775230226368;5.382088943871497
537;;16;3200;4.815957910192351;5.3561068033502846
538;;16;3200;4.871780218794631;5.329412341494763
539;;16;3200;4.928249570040514;5.301895632173093
540;;16;3200;4.985373463873893;5.273240088125582
541;;16;3200;5.0431594871713585;5.243722723204461
542;;16;3200;5.101615314749833;5.214486769180845
543;;16;3200;5.160748710385907;5.184727566769682
544;;16;3200;5.220567527846976;5.1553728925236815
545;;16;3200;5.281079711934331;5.1235470788339645
546;;16;3200;5.342293299538352;5.089109420251779
547;;16;3200;5.404216420705915;5.05539287709445
548;;16;3200;5.46685729972018;5.022463405041081
549;;16;3200;5.5302242561929;4.989824137975763
550;;16;3200;5.594325706169378;4.95171494659019
551;;16;3200;5.659170163246243;4.91415978290908
552;;16;3200;5.724766239702178;4.8763715758284745
553;;16;3200;5.7911226476417585;4.8389966910035795
554;;16;3200;5.858248200152536;4.801406350960281
555;;16;3200;5.926151812475553;4.763789628645343
556;;16;3200;5.9948425031894095;4.725803554527428
557;;16;3200;6.064329395408062;4.688890359456253
558;;16;3200;6.134621717992506;4.651664974170657
559;;16;3200;6.2057288067765;4.615340983166132
560;;16;3200;6.2776601058065;4.5789598305730514
561;;16;3200;6.350425168595962;4.542943632737673
562;;16;3200;6.4240336593941905;4.504667353631707
563;;16;3200;6.498495354469888;4.468734699656525
564;;16;3200;6.573820143409585;4.434939009684272
565;;16;3200;6.650018030431118;4.398597430498653
566;;16;3200;6.727099135712336;4.364392815315965
567;;16;3200;6.805073696735206;4.333512366360053
568;;16;3200;6.883952069645496;4.300807143615633
569;;16;3200;6.963744730628223;4.267288467495612
570;;16;3200;7.044462277299036;4.2366806353466595
571;;16;3200;7.126115430111746;4.204129309186812
572;;16;3200;7.208715033782136;4.174229401326897
573;;16;3200;7.2922720587283125;4.143700715992868
574;;16;3200;7.376797602527731;4.114117395392644
575;;16;3200;7.462302891391108;4.08378218005065
576;;16;3200;7.548799281653432;4.056023633238936
577;;16;3200;7.636298261282241;4.028084807571009
578;;16;3200;7.7248114514034;3.9997502478284646
579;;16;3200;7.814350607844542;3.9721104212391354
580;;16;3200;7.90492762269642;3.9464756472945313
581;;16;3200;7.996554525892346;3.9195085686320503
582;;16;3200;8.08924348680594;3.893974926728737
583;;16;3200;8.18300681586739;3.8681862561995595
584;;16;3200;8.277856966198472;3.8433649356305546
585;;16;3200;8.373806535266489;3.8181346898511137
586;;16;3200;8.470868266557401;3.7941971753820867
587;;16;3200;8.569055051268347;3.769912294336452
588;;16;3200;8.668379930019773;3.745104164903269
589;;16;3200;8.768856094587427;3.720995165668574
590;;16;3200;8.870496889654403;3.6956901701194833
591;;16;3200;8.97331581458352;3.6696816473266294
592;;16;3200;9.077326525210223;3.645018620387472
593;;16;3200;9.182542835656282;3.6213317374990353
594;;16;3200;9.288978720164497;3.598172500043421
595;;16;3200;9.39664831495469;3.572120006797832
596;;16;3200;9.505565920101192;3.545935602194038
597;;16;3200;9.615746001432097;3.5215979566051208
598;;16;3200;9.727203192450537;3.494406628633691
599;;16;3200;9.839952296278225;3.46638865615084
600;;16;3200;9.95400828762152;3.438441036392365
601;;16;3200;10.069386314760271;3.4101284618761882
602;;16;3200;10.186101701559751;3.3796789233570825
603;;16;3200;10.304169949505875;3.3500208529872095
604;;16;3200;10.423606739764011;3.3196812405999414
605;;16;3200;10.544427935261684;3.2876223835107283
606;;16;3200;10.666649582795387;3.2540861192096133
607;;16;3200;10.790287915161837;3.2204179435502933
608;;16;3200;10.91535935331391;3.187576412402394
609;;16;3200;11.041880508541603;3.1537807224301413
610;;16;3200;11.169868184678226;3.11633548488087
611;;16;3200;11.299339380332217;3.0809392704290572
612;;16;3200;11.430311291144786;3.0432082249370067
613;;16;3200;11.562801312073754;3.0046593290240824
614;;16;3200;11.696827039703846;2.967623016685248
615;;16;3200;11.83240627458378;2.931400157722014
616;;16;3200;11.96955702359043;2.8949838287667453
617;;16;3200;12.108297502320395;2.8566943585249582
618;;16;3200;12.248646137509308;2.82140367315971
619;;16;3200;12.390621569479157;2.7869176470795156
620;;16;3200;12.534242654613994;2.748276413215847
621;;16;3200;12.67952846786434;2.7123701415123063
622;;16;3200;12.826498305280598;2.6756108430257037
623;;16;3200;12.975171686575868;2.638908706127656
624;;16;3200;13.125568357718429;2.6067575110876993
625;;16;3200;13.27770829355429;2.5711722236891252
626;;16;3200;13.431611700460152;2.5382911191337643
627;;16;3200;13.58729901902709;2.5057222047928236
628;;16;3200;13.744790926775366;2.4724541602533927
629;;16;3200;13.904108340900697;2.4406195524731293
630;;16;3200;14.065272421052363;2.4084287840257104
631;;16;3200;14.228304572143518;2.3778781134653135
632;;16;3200;14.393226447194065;2.346940502920847
633;;16;3200;14.560059950206487;2.3177573134405143
634;;16;3200;14.728827239075018;2.287927758304974
635;;16;3200;14.899550728528538;2.2569197950361315
636;;16;3200;15.072253093107554;2.2299087459209157
637;;16;3200;15.246957270175729;2.2012619959639523
638;;16;3200;15.423686462966273;2.1742861232109245
639;;16;3200;15.60246414366368;2.1501155653424013
640;;16;3200;15.783314056521164;2.1246258938918223
641;;16;3200;15.96626022101425;2.1010973046332326
642;;16;3200;16.151326935030912;2.0790329314507234
643;;16;3200;16.33853877809862;2.0559440467194854
644;;16;3200;16.527920614648956;2.0355373596050925
645;;16;3200;16.7194975973199;2.0118021092186473
646;;16;3200;16.91329517029649;1.991580098005742
647;;16;3200;17.10933907269015;1.9709535586276732
648;;16;3200;17.307655341957258;1.9504281512908956
649;;16;3200;17.50827031735725;1.9315824152486012
650;;16;3200;17.711210643450887;1.9129829137416239
651;;16;3200;17.916503273639016;1.8936930761267043
652;;16;3200;18.124175473742376;1.8757003668674725
653;;16;3200;18.334254825622907;1.859022374145022
654;;16;3200;18.546769230846994;1.842586218912615
655;;16;3200;18.761746914391214;1.8245979066986568
656;;16;3200;18.979216428391013;1.8085618825861398
657;;16;3200;19.199206655932848;1.7922488446213913
658;;16;3200;19.421746814890266;1.7757247484835141
659;;16;3200;19.646866461804464;1.7589500207650464
660;;16;3200;19.87459549580984;1.7403944897108041
661;;16;3200;20.10496416260499;1.7217817970680065
662;;16;3200;20.33800305846982;1.7014586538138101
663;;16;3200;20.573743134329135;1.6833296361510992
664;;16;3200;20.812215699863394;1.665222603714756
665;;16;3200;21.05345242766706;1.6464208381251966
666;;16;3200;21.29748535745521;1.6259833716938892
667;;16;3200;21.544346900318846;1.6048819514262804
668;;16;3200;21.794069843029558;1.5842334268218443
669;;16;3200;22.0466873523941;1.563219947459706
670;;16;3200;22.302232979659387;1.5416524403931047
671;;16;3200;22.560740664968616;1.5182073949947115
672;;16;3200;22.822244741868985;1.4945468943779159
673;;16;3200;23.086779941871697;1.4688857381616702
674;;16;3200;23.354381399064795;1.4447459596100614
675;;16;3200;23.625084654779478;1.4213844580718649
676;;16;3200;23.898925662310504;1.3977327515456164
677;;16;3200;24.175940791691307;1.3733863118661522
678;;16;3200;24.456166834524463;1.349541135347869
679;;16;3200;24.73964100886814;1.325792693825603
680;;16;3200;25.026400964179192;1.3013407250595745
681;;16;3200;25.316484786313552;1.2761104792801334
682;;16;3200;25.609931002584595;1.2510693064474534
683;;16;3200;25.906778586880087;1.225614811359063
684;;16;3200;26.20706696483853;1.202767764117868
685;;16;3200;26.51083601908539;1.1782762219443779
686;;16;3200;26.818126094530154;1.153916591129093
687;;16;3200;27.128978003724676;1.1301417673351861
688;;16;3200;27.443433032283654;1.1066175751218696
689;;16;3200;27.76153294436801;1.0822447531707644
690;;16;3200;28.083319988231725;1.0594460734275781
691;;16;3200;28.40883690183304;1.0357152200864064
692;;16;3200;28.738126918510666;1.011588632670618
693;;16;3200;29.071233772725787;0.9883810277169947
694;;16;3200;29.408201705870635;0.9652217902613801
695;;16;3200;29.749075472144405;0.9405983367296844
696;;16;3200;30.09390034449721;0.9174830697268049
697;;16;3200;30.44272212064303;0.8935191729861368
698;;16;3200;30.795587129142266;0.8702763916703253
699;;16;3200;31.152542235554883;0.8476799760097209
700;;16;3200;31.513634848664797;0.8259981457660082
701;;16;3200;31.878912926776458;0.8041888012093634
702;;16;3200;32.24842498408442;0.7821332221174015
703;;16;3200;32.6222200971167;0.7600600548443457
704;;16;3200;33.00034791125285;0.7385409152757529
705;;16;3200;33.38285864731761;0.7173031866046654
706;;16;3200;33.76980310825091;0.6965491329136647
707;;16;3200;34.16123268585529;0.6752894190162095
708;;16;3200;34.55719936762139;0.6537351030854286
709;;16;3200;34.95775574363275;0.6328667262173164
710;;16;3200;35.362955013550426;0.6127062736382406
711;;16;3200;35.77285099367874;0.5925941885571734
712;;16;3200;36.18749812411281;0.5730009548183811
713;;16;3200;36.606951475969026;0.5546476878467208
714;;16;3200;37.031266758699275;0.536698949040224
715;;16;3200;37.46050032748993;0.5186358870566157
716;;16;3200;37.89470919074668;0.5019842766058065
717;;16;3200;38.33395101766601;0.4854865627395703
718;;16;3200;38.778284145894574;0.4691163631862661
719;;16;3200;39.22776758927719;0.45321225043195473
720;;16;3200;39.682461045694815;0.43683325678810353
721;;16;3200;40.14242490499322;0.4223010221591295
722;;16;3200;40.607720257003656;0.4083975650042685
723;;16;3200;41.078408899656466;0.3945512694379631
724;;16;3200;41.55455334718876;0.381030355221898
725;;16;3200;42.03621683844714;0.36748745577946534
726;;16;3200;42.52346334528682;0.3532146468216288
727;;16;3200;43.01635758106795;0.33983004100904274
728;;16;3200;43.5149650092505;0.32781291627652054
729;;16;3200;44.01935185208875;0.31550118951067263
730;;16;3200;44.529585099426555;0.30292124298314016
731;;16;3200;45.04573251759459;0.2890441680999202
732;;16;3200;45.56786265841064;0.2737204653217131
733;;16;3200;46.09604486828434;0.2560311521863538
734;;16;3200;46.630349297427315;0.23655663866994658
735;;16;3200;47.17084690917017;0.21688865516150457
736;;16;3200;47.717609489387456;0.19819241865850984
737;;16;3200;48.270709656031826;0.18171669001864127
738;;16;3200;48.8302208687788;0.1661203704334761
739;;16;3200;49.39621743878321;0.15269179416815487
740;;16;3200;49.968774538548836;0.13162115321746093
741;;16;3200;50.547968211912405;0.11418686870796563
742;;16;3200;51.13387538414326;0.10943366276729365
743;;16;3200;51.72657387216019;0.10517732294252909
744;;16;3200;52.326142394866615;0.10078027766901197
745;;16;3200;52.93266058360562;0.0961589830865455
746;;16;3200;53.54620899273608;0.09179271712994302
747;;16;3200;54.16686911033152;0.08736928958478482
748;;16;3200;54.794723369002874;0.08298543544708827
749;;16;3200;55.429855156846685;0.0788785951616233
750;;16;3200;56.072348828520326;0.07487288691744921
751;;16;3200;56.72228971644544;0.07084959049218106
752;;16;3200;57.37976414214134;0.0669010438365627
753;;16;3200;58.04485942768978;0.0632734814859111
754;;16;3200;58.71766390733255;0.0595975516372508
755;;16;3200;59.39826693920356;0.05599637155824029
756;;16;3200;60.08675891719687;0.05213136876281876
757;;16;3200;60.783231282972295;0.04875443799275763
758;;16;3200;61.487776538100235;0.04534672790578187
759;;16;3200;62.20048825634712;0.04209731144865274
760;;16;3200;62.921461096103435;0.03909852657211407
761;;16;3200;63.65079081295571;0.03614371214831058
762;;16;3200;64.3885742724042;0.0331405302264984
763;;16;3200;65.13490946272803;0.030436347383285378
764;;16;3200;65.8898955079995;0.027771737947534018
765;;16;3200;66.65363268124914;0.025344568956552575
766;;16;3200;67.42622241778342;0.023128458138699955
767;;16;3200;68.20776732865686;0.02125971389745519
768;;16;3200;68.99837121430018;0.019311822841287112
769;;16;3200;69.7981390783066;0.01755740177715379
770;;16;3200;70.60717714137773;0.015816171848841015
771;;16;3200;71.42559285543126;0.01427720600311003
772;;16;3200;72.25349491787215;0.012861357425037523
773;;16;3200;73.0909932860291;0.011643375884273286
774;;16;3200;73.93819919175866;0.010359438664406292
775;;16;3200;74.79522515621821;0.009295353708215154
776;;16;3200;75.66218500481054;0.00819609238983588
777;;16;3200;76.53919388230148;0.007391433104782248
778;;16;3200;77.4263682681127;0.0065691856386345514
779;;16;3200;78.32382599179196;0.0060239520247184295
780;;16;3200;79.23168624866254;0.005483115456075826
781;;16;3200;80.15006961565405;0.00494667593270674
782;;16;3200;81.07909806731686;0.00461250049191944
783;;16;3200;82.01889499202203;0.0042255605078499354
784;;16;3200;82.96958520834906;0.003891385067062635
785;;16;3200;83.93129498166364;0.0035835918979164384
786;;16;3200;84.90415204088747;0.0032494164571291386
787;;16;3200;85.8882855954625;0.002712976933760052
788;;16;3200;86.88382635251185;0.0023963896740668207
789;;16;3200;87.89090653419954;0.002079802414373589
790;;16;3200;88.90965989529158;0.0017720092452273922
791;;16;3200;89.94022174092045;0.0015257747099104344
792;;16;3200;90.98272894455557;0.0013279076726021649
793;;16;3200;92.03731996618221;0.001072879046738173
794;;16;3200;93.10413487069076;0.000945364733806177
795;;16;3200;94.18331534647952;0.0007826740586860442
796;;16;3200;95.2750047242729;0.0007387036059508732
797;;16;3200;96.37934799615786;0.0006727479268481166
798;;16;3200;97.49649183484085;0.0005760129308307404
799;;16;3200;98.62658461312822;0.0004924690706339154
800;;16;3200;99.76977642363202;0.00037374884824895364
801;;16;3200;100.92621909870485;0.00026382271641102613
802;;16;3200;102.09606623060476;0.0002242493089493722
803;;16;3200;103.27947319189525;0.00018027885621420118
804;;16;3200;104.47659715608053;0.00017148476566716697
805;;16;3200;105.6875971184805;0.00016269067512013276
806;;16;3200;106.9126339173477;0.00013191135820551307
807;;16;3200;108.15187025522891;0.00012751431293199598
808;;16;3200;109.40547072057436;0.00012311726765847886
809;;16;3200;110.67360180959744;0.00010552908656441045
810;;16;3200;111.95643194838793;8.794090547034204e-05
811;;16;3200;113.25413151528127;7.474976964979073e-05
812;;16;3200;114.56687286348726;7.035272437627362e-05
813;;16;3200;115.89483034398118;6.155863382923943e-05
814;;16;3200;117.23818032865998;6.155863382923943e-05
815;;16;3200;118.59710123376705;6.155863382923943e-05
816;;16;3200;119.97177354358854;6.155863382923943e-05
817;;16;3200;121.36237983442417;6.155863382923943e-05
818;;16;3200;122.76910479883605;6.155863382923943e-05
819;;16;3200;124.19213527017847;6.155863382923943e-05
820;;16;3200;125.63166024741214;6.155863382923943e-05
821;;16;3200;127.08787092020594;6.155863382923943e-05
822;;16;3200;128.56096069432965;6.155863382923943e-05
823;;16;3200;130.051125217341;6.155863382923943e-05
824;;16;3200;131.55856240457052;5.7161588555722324e-05
825;;16;3200;133.08347246540762;5.7161588555722324e-05
826;;16;3200;134.62605792989112;5.2764543282205225e-05
827;;16;3200;136.18652367560827;4.836749800868812e-05
828;;16;3200;137.7650769549055;4.836749800868812e-05
829;;16;3200;139.36192742241437;4.836749800868812e-05
830;;16;3200;140.97728716289677;4.836749800868812e-05
831;;16;3200;142.611370719413;4.836749800868812e-05
832;;16;3200;144.26439512181588;4.397045273517102e-05
833;;16;3200;145.93657991557575;4.397045273517102e-05
834;;16;3200;147.6281471909391;4.397045273517102e-05
835;;16;3200;149.33932161242532;4.397045273517102e-05
836;;16;3200;151.07033044866554;4.397045273517102e-05
837;;16;3200;152.82140360258708;2.6382271641102613e-05
838;;16;3200;154.59277364194784;2.6382271641102613e-05
839;;16;3200;156.38467583022478;4.3970452735171016e-06
840;;16;3200;158.19734815786015;4.3970452735171016e-06
841;;16;3200;160.03103137387018;4.3970452735171016e-06
842;;16;3200;161.88596901781992;4.3970452735171016e-06
843;;16;3200;163.7624074521689;0.0
844;;16;3200;165.6605958949915;0.0
845;;16;3200;167.58078645307688;0.0
846;;16;3200;169.52323415541215;0.0
847;;16;3200;171.4881969870541;0.0
848;;16;3200;173.47593592339325;0.0
849;;16;3200;175.4867149648152;0.0
850;;16;3200;177.52080117176362;0.0
851;;16;3200;179.57846470020968;0.0
852;;16;3200;181.65997883753286;0.0
853;;16;3200;183.76562003881725;0.0
854;;16;3200;185.89566796356883;0.0
855;;16;3200;188.05040551285833;0.0
856;;16;3200;190.23011886689457;0.0
857;;16;3200;192.43509752303322;0.0
858;;16;3200;194.66563433422633;0.0
859;;16;3200;196.92202554791734;0.0
860;;16;3200;199.2045708453871;0.0
861;;16;3200;201.51357338155583;0.0
862;;16;3200;203.84933982524643;0.0
863;;16;3200;206.21218039991444;0.0
864;;16;3200;208.60240892485047;0.0
865;;16;3200;211.02034285685966;0.0
866;;16;3200;213.46630333242453;0.0
867;;16;3200;215.94061521035678;0.0
868;;16;3200;218.44360711494284;0.0
869;;16;3200;220.9756114795903;0.0
870;;16;3200;223.53696459097966;0.0
871;;16;3200;226.12800663372795;0.0
872;;16;3200;228.7490817355704;0.0
873;;16;3200;231.4005380130654;0.0
874;;16;3200;234.08272761782945;0.0
875;;16;3200;236.7960067833079;0.0
876;;16;3200;239.54073587208794;0.0
877;;16;3200;242.31727942376006;0.0
878;;16;3200;245.126006203334;0.0
879;;16;3200;247.967289250216;0.0
880;;16;3200;250.84150592775413;0.0
881;;16;3200;253.74903797335716;0.0
882;;16;3200;256.6902715491952;0.0
883;;16;3200;259.6655972934872;0.0
884;;16;3200;262.67541037238385;0.0
885;;16;3200;265.72011053245063;0.0
886;;16;3200;268.80010215376075;0.0
887;;16;3200;271.9157943036019;0.0
888;;16;3200;275.06760079080675;0.0
889;;16;3200;278.2559402207126;0.0
890;;16;3200;281.4812360507581;0.0
891;;16;3200;284.74391664672476;0.0
892;;16;3200;288.0444153396298;0.0
893;;16;3200;291.3831704832789;0.0
894;;16;3200;294.76062551248583;0.0
895;;16;3200;298.17722900196736;0.0
896;;16;3200;301.63343472591976;0.0
897;;16;3200;305.1297017182871;0.0
898;;16;3200;308.6664943337274;0.0
899;;16;3200;312.2442823092858;0.0
900;;16;3200;315.8635408267819;0.0
901;;16;3200;319.52475057592136;0.0
902;;16;3200;323.22839781813803;0.0
903;;16;3200;326.97497445117676;0.0
904;;16;3200;330.7649780744243;0.0
905;;16;3200;334.59891205499747;0.0
906;;16;3200;338.4772855945983;0.0
907;;16;3200;342.40061379714257;0.0
908;;16;3200;346.3694177371734;0.0
909;;16;3200;350.3842245290676;0.0
910;;16;3200;354.44556739704353;0.0
911;;16;3200;358.5539857459817;0.0
912;;16;3200;362.7100252330648;0.0
913;;16;3200;366.9142378402494;0.0
914;;16;3200;371.1671819475767;0.0
915;;16;3200;375.4694224073337;0.0
916;;16;3200;379.8215306190736;0.0
917;;16;3200;384.2240846055061;0.0
918;;16;3200;388.6776690892668;0.0
919;;16;3200;393.18287557057704;0.0
920;;16;3200;397.7403024058037;0.0
921;;16;3200;402.35055488692933;0.0
922;;16;3200;407.01424532194386;0.0
923;;16;3200;411.7319931161679;0.0
924;;16;3200;416.5044248545185;0.0
925;;16;3200;421.33217438472894;0.0
926;;16;3200;426.2158829015325;0.0
927;;16;3200;431.15619903182284;0.0
928;;16;3200;436.15377892080056;0.0
929;;16;3200;441.209286319119;0.0
930;;16;3200;446.3233926710397;0.0
931;;16;3200;451.49677720361024;0.0
932;;16;3200;456.73012701687463;0.0
933;;16;3200;462.02413717513133;0.0
934;;16;3200;467.3795107992464;0.0
935;;16;3200;472.7969591600391;0.0
936;;16;3200;478.2772017727486;0.0
937;;16;3200;483.8209664925957;0.0
938;;16;3200;489.4289896114532;0.0
939;;16;3200;495.1020159556351;0.0
940;;16;3200;500.8407989848212;0.0
941;;16;3200;506.64610089212687;0.0
942;;16;3200;512.5186927053333;0.0
943;;16;3200;518.4593543892913;0.0
944;;16;3200;524.4688749495119;0.0
945;;16;3200;530.5480525369574;0.0
946;;16;3200;536.6976945540476;0.0
947;;16;3200;542.9186177618943;0.0
948;;16;3200;549.2116483887789;0.0
949;;16;3200;555.5776222398878;0.0
950;;16;3200;562.0173848083188;0.0
951;;16;3200;568.5317913873753;0.0
952;;16;3200;575.1217071841614;0.0
953;;16;3200;581.7880074344936;0.0
954;;16;3200;588.531577519145;0.0
955;;16;3200;595.353313081437;0.0
956;;16;3200;602.2541201461928;0.0
957;;16;3200;609.2349152400711;0.0
958;;16;3200;616.2966255132942;0.0
959;;16;3200;623.4401888627864;0.0
960;;16;3200;630.6665540567406;0.0
961;;16;3200;637.9766808606282;0.0
962;;16;3200;645.3715401646701;0.0
963;;16;3200;652.8521141127848;0.0
964;;16;3200;660.4193962330305;0.0
965;;16;3200;668.0743915695615;0.0
966;;16;3200;675.818116816111;0.0
967;;16;3200;683.6516004510239;0.0
968;;16;3200;691.5758828738525;0.0
969;;16;3200;699.5920165435375;0.0
970;;16;3200;707.7010661181889;0.0
971;;16;3200;715.9041085964888;0.0
972;;16;3200;724.2022334607316;0.0
973;;16;3200;732.596542821523;0.0
974;;16;3200;741.088151564157;0.0
975;;16;3200;749.6781874966877;0.0
976;;16;3200;758.367791499719;0.0
977;;16;3200;767.1581176779302;0.0
978;;16;3200;776.050333513357;0.0
979;;16;3200;785.0456200204509;0.0
980;;16;3200;794.145171902934;0.0
981;;16;3200;803.3501977124735;0.0
982;;16;3200;812.6619200091947;0.0
983;;16;3200;822.0815755240541;0.0
984;;16;3200;831.6104153230962;0.0
985;;16;3200;841.2497049736118;0.0
986;;16;3200;851.0007247122246;0.0
987;;16;3200;860.8647696149244;0.0
988;;16;3200;870.8431497690723;0.0
989;;16;3200;880.9371904473992;0.0
990;;16;3200;891.1482322840202;0.0
991;;16;3200;901.4776314524918;0.0
992;;16;3200;911.9267598459298;0.0
993;;16;3200;922.4970052592175;0.0
994;;16;3200;933.1897715733239;0.0
995;;16;3200;944.0064789417603;0.0
996;;16;3200;954.9485639791966;0.0
997;;16;3200;966.0174799522645;0.0
998;;16;3200;977.2146969725725;0.0
999;;16;3200;988.5417021919574;0.0
1000;;16;3200;1000.0;0.0
